0,1,2,3,4,5,6,7
2023NBA总决赛掘金 (4-1)球员数据表,,,,,,,
球员,年龄,场均上场时间(分钟),场均得分,场均篮板,场均助攻,场均抢断,场均盖帽
尼古拉-约基奇,27,41.2,30.2,14.0,7.2,0.8,1.4
贾马尔-穆雷,25,42.2,21.4,6.2,10.0,1.0,0.0
阿龙-戈登,27,35.6,14.0,7.4,3.0,0.8,0.6
布鲁斯-布朗,26,26.8,11.4,4.4,1.0,1.0,0.8
小迈克尔-波特,24,29.4,9.6,8.4,0.8,0.0,0.4
波普,29,34.2,7.4,3.4,1.4,1.4,1.2
克里斯琴-布劳恩,21,16.4,5.8,2.0,1.2,1.0,0.4
杰夫-格林,36,13.0,4.8,0.4,0.6,0.2,0.0
托马斯-布莱恩特,25,0.0,0.0,0.0,0.0,0.0,0.0
弗拉特科-钱查尔,25,0.0,0.0,0.0,0.0,0.0,0.0
雷吉-杰克逊,32,1.0,0.0,1.0,1.0,0.0,0.0
德安德烈-乔丹,34,3.0,0.0,0.0,0.0,0.0,1.0
齐克-纳吉,22,0.0,0.0,0.0,0.0,0.0,0.0
佩顿-沃特森,20,0.0,0.0,0.0,0.0,0.0,0.0
2023NBA总决赛热火 (1-4)球员数据表,,,,,,,
球员,年龄,场均上场时间(分钟),场均得分,场均篮板,场均助攻,场均抢断,场均盖帽
巴姆-阿德巴约,25,41.8,21.8,12.4,3.2,0.4,0.8
吉米-巴特勒,33,41.0,21.6,4.6,6.4,0.8,0.6
盖布-文森特,26,28.4,11.4,0.4,2.4,1.0,0.2
凯尔-洛瑞,36,29.2,10.8,4.0,4.8,1.0,0.2
邓肯-罗宾逊,28,18.8,7.8,1.2,1.6,0.2,0.4
凯莱布-马丁,27,28.4,7.4,4.4,1.2,1.0,0.6
马克斯-斯特鲁斯,26,25.0,5.8,4.8,3.0,0.2,0.6
凯文-乐福,34,17.8,6.8,4.5,0.3,0.8,0.5
海伍德-海史密斯,26,7.0,3.6,0.8,0.0,0.4,0.2
科迪-泽勒,30,5.4,0.8,1.0,0.2,0.0,0.2
犹多尼斯-哈斯勒姆,42,0.0,0.0,0.0,0.0,0.0,0.0
尼古拉-约维奇,19,1.0,0.0,0.5,0.0,0.0,0.0
奥默-尤尔特塞文,24,1.0,0.0,0.5,0.0,0.0,0.0
2022NBA总决赛勇士 (4-2)球员数据表,,,,,,,
球员,年龄,场均上场时间(分钟),场均得分,场均篮板,场均助攻,场均抢断,场均盖帽
斯蒂芬-库里,33,37.5,31.2,6.0,5.0,2.0,0.2
安德鲁-威金斯,26,39.2,18.3,8.8,2.2,1.5,1.5
克莱-汤普森,31,38.3,17.0,3.0,2.0,1.3,0.5
乔丹-普尔,22,20.8,13.2,1.8,1.8,0.5,0.2
德雷蒙德-格林,31,36.2,6.2,8.0,6.2,1.7,0.7
小加里-佩顿,29,18.6,7.0,3.2,1.4,1.6,0.4
奥托-波特,28,17.0,5.2,2.0,1.0,1.0,0.2
凯文-卢尼,25,21.7,5.0,7.5,2.7,0.7,0.8
内马尼亚-别利察,33,5.8,1.8,1.6,0.2,0.4,0.0
安德烈-伊格达拉,38,4.8,1.8,0.0,1.3,0.0,0.0
摩西-穆迪,19,2.8,0.5,0.0,0.0,0.0,0.3
乔纳森-库明加,19,2.0,0.0,0.3,0.0,0.0,0.0
达米恩-李,29,2.0,0.0,0.0,0.0,0.0,0.0
托斯卡诺-安德森,28,2.0,0.0,0.5,0.8,0.0,0.0
2022NBA总决赛凯尔特人 (2-4)球员数据表,,,,,,,
球员,年龄,场均上场时间(分钟),场均得分,场均篮板,场均助攻,场均抢断,场均盖帽
杰伦-布朗,25,38.8,23.5,7.3,3.7,0.8,0.3
杰森-塔图姆,23,40.7,21.5,6.8,7.0,1.2,0.7
马库斯-斯马特,27,35.5,15.2,4.5,5.0,1.5,0.0
艾尔-霍福德,35,31.8,12.5,8.5,2.8,0.7,0.7
德里克-怀特,27,26.5,9.8,1.5,2.2,0.7,0.5
罗伯特-威廉姆斯,24,26.3,7.5,7.5,1.5,0.8,2.8
格兰特-威廉姆斯,23,17.0,4.2,2.3,1.0,0.2,0.7
佩顿-普里查德,24,11.2,2.7,2.2,1.0,0.2,0.0
阿龙-内史密斯,22,3.2,1.4,0.8,0.4,0.2,0.0
卢克-科内特,26,2.0,1.7,0.7,0.3,0.0,0.0
马利克-菲茨,24,2.0,1.0,0.0,0.0,0.0,0.0
萨姆-豪瑟,24,2.2,0.6,0.0,0.4,0.0,0.0
尼克-斯陶斯卡斯,28,1.8,0.6,0.6,0.2,0.0,0.0
丹尼尔-泰斯,29,10.0,1.5,2.5,0.5,0.0,1.0
朱万-摩根,24,1.3,0.0,0.3,0.0,0.0,0.0
2021NBA总决赛雄鹿 (4-2)球员数据表,,,,,,,
球员,年龄,场均上场时间(分钟),场均得分,场均篮板,场均助攻,场均抢断,场均盖帽
阿德托昆博,26,39.8,35.2,13.2,5.0,1.2,1.8
克里斯-米德尔顿,29,42.5,24.0,6.3,5.3,1.5,0.0
朱-霍勒迪,30,41.7,16.7,6.2,9.3,2.2,0.7
布鲁克-洛佩斯,32,24.5,11.5,5.3,0.2,0.7,0.7
帕特-康诺顿,28,30.0,9.2,5.8,1.2,0.2,0.0
博比-波蒂斯,25,16.7,7.7,4.0,0.2,0.7,0.3
P.J. Tucker,35,31.3,4.0,3.8,1.2,1.0,0.0
布林-福布斯,27,7.3,3.0,0.3,0.0,0.3,0.0
杰夫-蒂格,32,9.3,1.5,0.8,0.7,0.5,0.0
乔丹-沃拉,22,1.0,3.0,1.0,0.0,0.0,0.0
萨纳西斯-阿德托昆博,28,2.0,0.0,3.0,0.0,0.0,0.0
伊莱贾-布莱恩特,25,0.0,0.0,0.0,0.0,0.0,0.0
萨姆-梅里尔,24,1.0,0.0,0.0,0.0,0.0,0.0
2021NBA总决赛太阳 (2-4)球员数据表,,,,,,,
球员,年龄,场均上场时间(分钟),场均得分,场均篮板,场均助攻,场均抢断,场均盖帽
德文-布克,24,40.2,28.2,3.5,4.0,0.8,0.3
克里斯-保罗,35,37.3,21.8,2.7,8.2,0.7,0.2
德安德烈-艾顿,22,37.5,14.7,12.0,1.8,1.5,1.5
米卡尔-布里奇斯,24,32.0,12.0,4.2,1.2,1.0,0.5
杰-克劳德,30,37.2,11.7,8.5,1.7,1.7,1.0
Came罗恩-约翰逊,24,22.7,8.5,3.2,0.8,0.5,0.5
卡梅伦-佩恩,26,15.7,7.3,2.5,1.7,0.7,0.0
托里-克雷格,30,10.7,2.8,1.3,0.2,0.0,0.0
弗兰克-卡明斯基,27,7.3,3.0,1.5,0.8,0.3,0.0
泰肖恩-亚历山大,22,1.0,2.0,0.0,0.0,0.0,0.0
阿卜杜勒-纳迪尔,27,4.0,0.0,0.0,0.0,0.0,0.0
达里奥-沙里奇,26,2.0,0.0,1.0,0.0,0.0,0.0
2020NBA总决赛湖人 (4-2)球员数据表,,,,,,,
球员,年龄,场均上场时间(分钟),场均得分,场均篮板,场均助攻,场均抢断,场均盖帽
勒布朗-詹姆斯,35,39.3,29.8,11.8,8.5,1.2,0.5
安东尼-戴维斯,26,38.2,25.0,10.7,3.2,1.3,2.0
波普,26,31.3,12.8,2.8,2.0,1.0,0.2
拉简-隆多,33,26.0,8.7,5.2,5.5,1.0,0.0
凯尔-库兹马,24,21.7,8.5,2.8,0.5,0.2,0.2
丹尼-格林,32,22.8,7.5,2.8,1.2,1.0,0.8
马基夫-莫里斯,30,21.3,7.5,3.3,1.2,0.0,0.0
亚历克斯-卡鲁索,25,24.8,6.3,2.5,2.3,0.8,0.2
德怀特-霍华德,34,11.8,2.8,2.8,0.7,0.2,0.3
奎因-库克,26,1.5,1.5,0.0,0.0,0.0,0.0
JR-史密斯,34,3.3,1.0,0.3,0.0,0.3,0.0
贾里德-杜德利,34,1.0,0.0,0.0,0.0,0.0,0.3
2020NBA总决赛热火 (2-4)球员数据表,,,,,,,
球员,年龄,场均上场时间(分钟),场均得分,场均篮板,场均助攻,场均抢断,场均盖帽
吉米-巴特勒,30,43.0,26.2,8.3,9.8,2.2,0.8
泰勒-希罗,20,34.7,14.7,4.2,3.0,0.5,0.0
邓肯-罗宾逊,25,32.0,12.5,2.7,2.5,0.8,0.3
杰-克劳德,29,31.5,11.2,5.2,1.2,0.3,0.5
肯德里克-纳恩,24,22.5,10.5,3.5,1.8,0.0,0.2
巴姆-阿德巴约,22,33.8,15.3,6.3,2.5,0.3,0.8
凯利-奥利尼克,28,22.8,11.6,6.0,1.4,0.4,0.6
安德烈-伊格达拉,36,19.7,3.2,2.7,2.0,0.3,0.3
迈耶斯-伦纳德,27,11.0,7.0,0.5,0.5,0.5,0.0
所罗门-希尔,28,6.3,3.0,0.8,0.3,0.3,0.0
戈兰-德拉季奇,33,17.0,5.5,3.0,2.5,1.5,0.0
小德里克-琼斯,22,2.5,0.5,0.3,0.0,0.0,0.0
2019NBA总决赛猛龙 (4-2)球员数据表,,,,,,,
球员,年龄,场均上场时间(分钟),场均得分,场均篮板,场均助攻,场均抢断,场均盖帽
科怀-伦纳德,27,40.5,28.5,9.8,4.2,2.0,1.2
帕斯卡尔-西亚卡姆,24,40.2,19.8,7.5,3.7,0.5,0.7
凯尔-洛瑞,32,38.2,16.2,4.0,7.2,1.7,0.5
弗雷德-范弗利特,24,32.5,14.0,2.7,2.2,1.2,0.0
马克-加索尔,34,28.8,12.0,7.3,2.7,0.5,0.3
赛尔吉-伊巴卡,29,19.3,11.3,5.2,1.0,0.8,1.7
丹尼-格林,31,27.2,7.3,3.5,1.2,1.2,0.5
诺曼-鲍威尔,25,11.0,1.8,1.0,0.7,0.3,0.0
帕特里克-麦考,23,3.0,0.8,0.0,0.5,0.0,0.0
林书豪,30,1.0,0.0,0.0,0.0,0.0,0.0
约迪-米克斯,31,1.0,0.0,0.0,0.0,0.0,0.0
马尔科姆-米勒,25,1.0,0.0,0.0,0.0,0.0,0.0
2019NBA总决赛勇士 (2-4)球员数据表,,,,,,,
球员,年龄,场均上场时间(分钟),场均得分,场均篮板,场均助攻,场均抢断,场均盖帽
斯蒂芬-库里,30,41.7,30.5,5.2,6.0,1.5,0.2
克莱-汤普森,28,37.6,26.0,4.8,2.4,0.8,0.0
德雷蒙德-格林,28,41.3,12.5,10.8,9.3,1.7,1.0
安德烈-伊格达拉,35,31.3,9.2,4.5,4.0,1.0,1.5
德马库斯-考辛斯,28,18.0,8.3,4.7,2.3,0.7,1.0
奎因-库克,25,14.7,4.8,0.8,0.8,0.2,0.2
凯文-卢尼,22,20.8,5.8,3.2,1.2,0.4,0.2
肖恩-利文斯顿,33,16.3,4.7,1.5,1.5,0.7,0.2
约纳斯-杰雷布科,31,6.5,3.5,1.3,0.3,0.0,0.0
阿方索-麦金尼,26,9.5,2.2,1.7,0.3,0.0,0.0
安德鲁-博古特,34,9.0,2.4,3.0,0.6,0.2,0.2
凯文-杜兰特,30,12.0,11.0,2.0,0.0,0.0,1.0
乔丹-贝尔,24,6.3,1.5,1.3,0.3,0.0,0.5
雅各布-埃文斯,21,0.7,0.0,0.0,0.0,0.0,0.0
达米安-琼斯,23,2.0,0.0,0.0,0.0,0.0,0.0
2018NBA总决赛勇士 (4-0)球员数据表,,,,,,,
球员,年龄,场均上场时间(分钟),场均得分,场均篮板,场均助攻,场均抢断,场均盖帽
凯文-杜兰特,29,41.3,28.8,10.8,7.5,0.8,2.3
斯蒂芬-库里,29,40.5,27.5,6.0,6.8,1.5,0.8
克莱-汤普森,27,37.0,16.0,3.8,1.0,0.5,0.3
德雷蒙德-格林,27,41.3,9.3,6.0,8.5,2.0,1.5
贾维尔-麦基,30,13.8,8.0,2.3,0.0,0.0,1.3
肖恩-利文斯顿,32,16.3,7.5,2.8,1.5,0.3,0.0
乔丹-贝尔,23,13.5,5.8,3.3,1.0,0.3,0.5
安德烈-伊格达拉,34,22.5,9.5,2.0,0.5,1.5,1.0
凯文-卢尼,21,9.8,2.5,1.5,0.3,0.3,0.0
扎扎-帕楚里亚,33,3.0,4.0,1.5,0.0,0.0,0.5
大卫-韦斯特,37,7.0,1.8,1.3,1.0,0.0,0.8
尼克-杨,32,9.5,1.3,0.5,0.0,0.0,0.0
奎因-库克,24,2.0,1.0,0.0,0.0,0.0,0.0
帕特里克-麦考,22,2.8,0.5,0.3,0.0,0.3,0.0
2018NBA总决赛骑士 (0-4)球员数据表,,,,,,,
球员,年龄,场均上场时间(分钟),场均得分,场均篮板,场均助攻,场均抢断,场均盖帽
勒布朗-詹姆斯,33,44.8,34.0,8.5,10.0,1.3,1.0
凯文-乐福,29,33.3,19.0,11.3,1.8,1.0,0.3
JR-史密斯,32,32.5,9.5,3.3,1.3,1.3,0.0
乔治-希尔,31,29.3,7.5,2.3,2.3,0.8,0.3
罗德尼-胡德,25,14.0,6.8,3.8,0.8,0.5,0.5
TT.汤普森,26,23.5,6.8,5.3,0.0,0.0,0.8
小拉里-南斯,25,17.0,5.8,7.0,1.5,0.5,0.5
杰夫-格林,31,24.3,5.3,1.3,2.0,0.3,0.3
乔丹-克拉克森,25,12.5,3.0,2.0,0.5,1.0,0.5
凯尔-科沃尔,36,16.3,1.5,1.8,0.8,0.0,0.3
安特-日日奇,21,1.7,2.0,0.3,0.0,0.0,0.0
何塞-卡尔德隆,36,2.7,1.3,1.0,0.7,0.3,0.0
切迪-奥斯曼,22,2.7,1.3,0.3,0.0,0.0,0.0
2017NBA总决赛勇士 (4-1)球员数据表,,,,,,,
球员,年龄,场均上场时间(分钟),场均得分,场均篮板,场均助攻,场均抢断,场均盖帽
凯文-杜兰特,28,39.8,35.2,8.2,5.4,1.0,1.6
斯蒂芬-库里,28,37.8,26.8,8.0,9.4,2.2,0.0
克莱-汤普森,26,36.6,16.4,4.8,2.2,0.4,0.2
德雷蒙德-格林,26,35.4,11.0,10.2,4.8,1.6,0.6
安德烈-伊格达拉,33,28.2,8.6,3.4,3.4,1.2,1.0
肖恩-利文斯顿,31,15.0,6.6,1.0,1.2,0.2,0.0
大卫-韦斯特,36,10.0,4.2,2.0,0.6,0.0,0.6
伊恩-克拉克,25,11.0,4.8,1.0,0.8,0.3,0.0
扎扎-帕楚里亚,32,13.2,3.2,2.8,0.4,0.4,0.0
帕特里克-麦考,21,6.8,2.2,2.0,0.4,0.2,0.0
贾维尔-麦基,29,5.5,2.8,2.5,0.8,0.0,0.5
詹姆斯-迈克尔-麦卡杜,24,2.8,1.0,0.5,0.0,0.3,0.0
马特-巴恩斯,36,1.8,0.6,0.2,0.4,0.0,0.0
2017NBA总决赛骑士 (1-4)球员数据表,,,,,,,
球员,年龄,场均上场时间(分钟),场均得分,场均篮板,场均助攻,场均抢断,场均盖帽
勒布朗-詹姆斯,32,42.4,33.6,12.0,10.0,1.4,1.0
凯里-欧文,24,40.4,29.4,4.0,4.4,1.0,0.2
凯文-乐福,28,32.2,16.0,11.2,1.0,2.2,1.0
JR-史密斯,31,29.2,11.8,1.6,0.4,0.6,0.4
理查德-杰弗森,36,16.6,5.8,2.4,0.4,0.2,0.2
TT.汤普森,25,26.4,5.6,5.8,2.6,0.6,0.6
凯尔-科沃尔,35,19.4,4.4,1.2,0.4,0.2,0.2
伊曼-香珀特,26,13.2,3.6,2.0,0.8,0.6,0.0
邓台-琼斯,36,3.3,3.0,1.3,0.0,0.0,0.0
德里克-威廉姆斯,25,3.3,2.3,0.3,0.3,0.0,0.0
德隆-威廉姆斯,32,12.2,1.0,1.6,1.2,0.4,0.0
钱宁-弗莱,33,11.0,2.0,3.0,1.0,0.0,0.0
詹姆斯-琼斯,36,2.7,0.0,0.3,0.0,0.0,0.0
2016NBA总决赛骑士 (4-3)球员数据表,,,,,,,
球员,年龄,场均上场时间(分钟),场均得分,场均篮板,场均助攻,场均抢断,场均盖帽
勒布朗-詹姆斯,31,41.7,29.7,11.3,8.9,2.6,2.3
凯里-欧文,23,39.0,27.1,3.9,3.9,2.1,0.7
JR-史密斯,30,37.3,10.6,2.7,1.6,1.4,0.3
TT.汤普森,24,32.3,10.3,10.1,0.7,0.3,0.9
凯文-乐福,27,26.3,8.5,6.8,1.3,0.7,0.3
理查德-杰弗森,35,24.0,5.7,5.3,0.4,1.3,0.1
伊曼-香珀特,25,18.3,3.0,1.6,0.1,0.1,0.3
马修-戴拉维多瓦,25,7.7,2.7,0.5,1.0,0.0,0.0
莫-威廉姆斯,33,4.8,1.5,0.5,0.2,0.5,0.0
邓台-琼斯,35,3.0,1.3,0.3,0.0,0.0,0.2
季莫费-莫兹戈夫,29,5.0,1.4,1.6,0.0,0.6,0.2
乔丹-麦克雷,24,3.0,4.0,1.0,0.0,0.0,0.0
钱宁-弗莱,32,8.3,0.5,0.8,0.0,0.0,0.5
詹姆斯-琼斯,35,4.0,0.2,0.4,0.4,0.0,0.0
2016NBA总决赛勇士 (3-4)球员数据表,,,,,,,
球员,年龄,场均上场时间(分钟),场均得分,场均篮板,场均助攻,场均抢断,场均盖帽
斯蒂芬-库里,27,35.1,22.6,4.9,3.7,0.9,0.7
克莱-汤普森,25,35.3,19.6,3.0,1.9,1.0,0.6
德雷蒙德-格林,25,40.0,16.5,10.3,6.3,1.7,1.0
哈里森-巴恩斯,23,31.7,9.3,4.4,1.4,0.7,0.4
安德烈-伊格达拉,32,34.1,9.1,6.3,4.1,0.9,0.7
肖恩-利文斯顿,30,21.1,8.3,3.4,2.9,0.3,0.3
莱昂德罗-巴博萨,33,13.2,8.2,1.0,0.8,0.5,0.2
安德鲁-博古特,31,12.0,3.2,3.0,0.6,0.4,2.0
费斯图斯-埃泽利,26,8.7,2.0,1.9,0.4,0.1,0.1
马利斯-斯贝茨,28,4.7,2.0,1.3,0.3,0.1,0.3
伊恩-克拉克,24,4.8,3.3,0.8,0.5,0.0,0.0
安德森-瓦莱乔,33,6.8,1.2,1.3,1.0,0.2,0.0
詹姆斯-迈克尔-麦卡杜,23,6.0,1.3,1.3,0.3,0.0,0.0
布兰登-拉什,30,5.6,0.2,1.0,0.0,0.4,0.2
2015NBA总决赛勇士 (4-2)球员数据表,,,,,,,
球员,年龄,场均上场时间(分钟),场均得分,场均篮板,场均助攻,场均抢断,场均盖帽
斯蒂芬-库里,26,42.5,26.0,5.2,6.3,1.8,0.2
安德烈-伊格达拉,31,37.0,16.3,5.8,4.0,1.3,0.3
克莱-汤普森,24,37.8,15.8,4.3,1.7,0.5,1.0
德雷蒙德-格林,24,37.0,13.0,8.3,5.0,2.2,1.2
哈里森-巴恩斯,22,33.0,8.8,5.8,0.8,0.8,0.5
莱昂德罗-巴博萨,32,10.7,5.2,1.7,0.5,0.5,0.2
肖恩-利文斯顿,29,20.0,5.0,3.5,2.2,0.3,0.3
费斯图斯-埃泽利,25,10.0,4.4,3.4,0.4,0.0,0.6
大卫-李,31,9.8,5.5,2.5,1.5,0.3,0.0
安德鲁-博古特,30,18.5,2.5,6.0,1.5,0.3,1.3
马利斯-斯贝茨,27,5.3,3.0,1.7,0.3,0.3,0.0
贾斯廷-霍勒迪,25,2.0,0.0,0.0,0.0,0.0,0.0
詹姆斯-迈克尔-麦卡杜,22,1.0,0.0,1.0,0.0,0.0,0.0
2015NBA总决赛骑士 (2-4)球员数据表,,,,,,,
球员,年龄,场均上场时间(分钟),场均得分,场均篮板,场均助攻,场均抢断,场均盖帽
勒布朗-詹姆斯,30,45.7,35.8,13.3,8.8,1.3,0.5
季莫费-莫兹戈夫,28,28.3,14.0,7.5,1.0,0.5,1.5
JR-史密斯,29,33.7,11.5,4.3,1.0,0.5,0.8
TT.汤普森,23,41.2,10.0,13.0,0.3,0.7,1.0
马修-戴拉维多瓦,24,31.8,7.5,2.7,2.7,1.2,0.0
伊曼-香珀特,24,35.8,6.5,3.8,0.7,1.8,0.7
凯里-欧文,22,44.0,23.0,7.0,6.0,4.0,2.0
詹姆斯-琼斯,34,18.8,3.3,1.3,0.3,0.7,0.2
迈克-米勒,34,5.6,0.6,0.2,0.0,0.2,0.0
肯德里克-帕金斯,30,3.0,2.0,1.0,0.0,0.0,0.0
乔-哈里斯,23,1.5,0.5,0.0,0.0,0.0,0.0
2014NBA总决赛马刺 (4-1)球员数据表,,,,,,,
球员,年龄,场均上场时间(分钟),场均得分,场均篮板,场均助攻,场均抢断,场均盖帽
托尼-帕克,31,35.2,18.0,0.4,4.6,0.8,0.0
科怀-伦纳德,22,33.4,17.8,6.4,2.0,1.6,1.2
蒂姆-邓肯,37,33.0,15.4,10.0,2.0,0.4,0.8
马努-吉诺比利,36,28.6,14.4,3.0,4.4,1.0,0.2
帕蒂-米尔斯,25,15.2,10.2,1.4,1.6,0.4,0.0
丹尼-格林,26,21.2,9.2,2.0,1.2,2.0,0.4
伯瑞斯-迪奥,31,35.2,6.2,8.6,5.8,0.8,0.2
蒂亚戈-斯普利特,29,16.8,6.2,3.4,2.0,0.6,0.6
马科-贝里内利,27,11.8,4.6,1.2,0.6,0.2,0.0
阿隆-贝恩斯,27,2.0,2.0,0.7,0.0,0.0,0.0
杰夫-艾尔斯,26,2.3,1.7,0.7,0.3,0.0,0.0
马特-邦纳,33,6.8,1.3,0.8,1.3,0.3,0.0
科里-约瑟夫,22,2.7,0.7,0.0,0.0,0.0,0.0
2014NBA总决赛热火 (1-4)球员数据表,,,,,,,
球员,年龄,场均上场时间(分钟),场均得分,场均篮板,场均助攻,场均抢断,场均盖帽
勒布朗-詹姆斯,29,37.8,28.2,7.8,4.0,2.0,0.4
德维恩-韦德,32,34.4,15.2,3.8,2.6,1.6,0.0
克里斯-波什,29,36.2,14.0,5.2,1.0,0.8,0.2
雷-阿伦,38,31.0,9.8,3.0,1.8,1.6,0.2
拉沙德-刘易斯,34,22.8,8.6,1.6,0.4,0.0,0.4
马里奥-查默斯,27,23.2,4.4,1.4,2.8,1.0,0.2
诺里斯-科尔,25,16.8,3.2,1.2,1.8,0.4,0.0
克里斯-安德森,35,18.0,2.6,5.6,0.0,0.4,0.6
詹姆斯-琼斯,33,3.5,2.8,0.5,0.0,0.0,0.0
迈克尔-比斯利,25,17.0,9.0,3.0,1.0,0.0,0.0
托尼-道格拉斯,27,3.3,1.3,1.0,0.7,0.0,0.0
犹多尼斯-哈斯勒姆,33,5.5,1.0,1.0,0.0,0.0,0.3
肖恩-巴蒂尔,35,8.3,0.0,0.3,0.3,0.3,0.0
格雷格-奥登,26,1.5,0.0,0.0,0.0,0.0,0.0
2013NBA总决赛热火 (4-3)球员数据表,,,,,,,
球员,年龄,场均上场时间(分钟),场均得分,场均篮板,场均助攻,场均抢断,场均盖帽
勒布朗-詹姆斯,28,43.0,25.3,10.9,7.0,2.3,0.9
德维恩-韦德,31,36.4,19.6,4.0,4.6,1.9,1.3
克里斯-波什,28,34.3,11.9,8.9,2.1,1.9,1.6
雷-阿伦,37,27.6,10.6,2.3,1.6,0.1,0.0
马里奥-查默斯,26,31.6,10.6,2.7,2.1,0.7,0.0
肖恩-巴蒂尔,34,12.4,5.6,1.6,0.9,0.1,0.3
迈克-米勒,32,21.7,5.3,2.7,0.9,0.6,0.3
克里斯-安德森,34,14.2,4.4,3.0,0.0,0.8,0.6
诺里斯-科尔,24,16.4,3.0,1.0,2.4,0.8,0.2
犹多尼斯-哈斯勒姆,32,10.7,1.5,2.8,0.0,0.0,0.2
詹姆斯-琼斯,32,4.0,2.0,0.3,0.0,0.0,0.3
拉沙德-刘易斯,33,4.0,1.3,0.7,0.7,0.0,0.0
乔尔-安东尼,30,3.8,0.5,1.8,0.0,0.0,0.0
2013NBA总决赛马刺 (3-4)球员数据表,,,,,,,
球员,年龄,场均上场时间(分钟),场均得分,场均篮板,场均助攻,场均抢断,场均盖帽
蒂姆-邓肯,36,36.3,18.9,12.1,1.4,0.9,1.4
托尼-帕克,30,35.1,15.7,1.9,6.4,1.0,0.1
科怀-伦纳德,21,36.4,14.6,11.1,0.9,2.0,0.4
丹尼-格林,25,35.4,14.0,4.1,0.7,1.0,1.6
马努-吉诺比利,35,28.4,11.6,2.1,4.3,0.7,0.0
加里-尼尔,28,24.4,9.4,2.4,0.9,0.0,0.0
蒂亚戈-斯普利特,28,15.3,4.9,2.0,0.4,0.7,0.4
伯瑞斯-迪奥,30,15.7,4.0,2.5,1.7,0.0,0.2
德胡安-布莱尔,23,5.7,3.7,2.7,0.3,0.7,0.0
马特-邦纳,32,6.0,1.8,1.2,0.2,0.2,0.0
科里-约瑟夫,21,7.2,1.8,1.0,1.0,0.3,0.0
帕蒂-米尔斯,24,6.5,2.0,0.5,0.0,0.0,0.0
南多-德科洛,25,2.5,0.0,0.5,0.5,0.0,0.0
特雷西-麦克格雷迪,33,7.0,0.0,2.0,2.5,0.0,0.5
2012NBA总决赛热火 (4-1)球员数据表,,,,,,,
球员,年龄,场均上场时间(分钟),场均得分,场均篮板,场均助攻,场均抢断,场均盖帽
勒布朗-詹姆斯,27,44.0,28.6,10.2,7.4,1.6,0.4
德维恩-韦德,30,40.6,22.6,6.0,5.2,1.4,1.2
克里斯-波什,27,36.6,14.6,9.4,0.2,0.6,1.2
肖恩-巴蒂尔,33,37.4,11.6,3.4,0.4,0.8,0.0
马里奥-查默斯,25,36.6,10.4,2.6,4.0,1.8,0.4
迈克-米勒,31,8.8,6.2,1.8,0.4,0.2,0.2
诺里斯-科尔,23,11.0,3.3,1.0,0.0,0.0,0.0
犹多尼斯-哈斯勒姆,31,16.2,2.6,4.4,0.4,0.0,0.4
詹姆斯-琼斯,31,10.8,2.8,1.5,0.0,0.3,0.0
特雷尔-哈里斯,24,3.0,3.0,1.0,0.0,0.0,0.0
乔尔-安东尼,29,2.0,0.0,0.0,0.0,0.0,0.0
朱万-霍华德,38,3.0,0.0,0.0,0.0,0.0,0.0
罗尼-图里亚夫,29,3.0,0.0,1.0,0.0,0.0,0.0
2012NBA总决赛雷霆 (1-4)球员数据表,,,,,,,
球员,年龄,场均上场时间(分钟),场均得分,场均篮板,场均助攻,场均抢断,场均盖帽
凯文-杜兰特,23,42.6,30.6,6.0,2.2,1.4,1.0
拉塞尔-威斯布鲁克,23,42.2,27.0,6.4,6.6,1.0,0.4
詹姆斯-哈登,22,32.8,12.4,4.8,3.6,1.2,0.0
赛尔吉-伊巴卡,22,26.4,7.0,5.2,0.8,0.4,2.0
德里克-费舍尔,37,25.6,5.6,1.6,0.8,1.0,0.0
肯德里克-帕金斯,27,23.2,4.8,6.8,0.0,0.2,0.6
萨博-塞福洛沙,27,26.0,4.6,2.0,1.0,1.4,0.8
尼克-科里森,31,16.6,3.6,4.6,0.6,0.6,0.2
罗耶尔-埃维,30,3.0,6.0,0.0,0.0,0.0,0.0
科尔-阿尔德里奇,23,5.0,2.0,1.0,0.0,0.0,0.0
戴奎恩-库克,24,3.7,0.7,0.0,0.3,0.0,0.0
拉扎尔-海沃德,25,5.0,2.0,2.0,0.0,0.0,0.0
2011NBA总决赛独行侠 (4-2)球员数据表,,,,,,,
球员,年龄,场均上场时间(分钟),场均得分,场均篮板,场均助攻,场均抢断,场均盖帽
德克-诺维茨基,32,40.3,26.0,9.7,2.0,0.7,0.7
杰森-特里,33,32.5,18.0,2.0,3.2,1.3,0.0
肖恩-马里昂,32,35.8,13.7,6.3,2.3,0.8,0.7
泰森-钱德勒,28,37.3,9.7,8.8,0.7,1.2,1.2
JJ-巴里亚,26,21.3,8.8,2.2,3.2,0.5,0.0
杰森-基德,37,37.5,7.7,4.5,6.3,1.2,0.8
德肖恩-史蒂文森,29,17.2,7.0,1.5,0.3,0.7,0.2
伊安-马辛米,24,9.0,3.0,1.7,0.0,0.3,0.0
布莱恩-卡迪纳尔,33,6.0,1.4,0.2,0.2,0.2,0.0
布兰登-海伍德,31,8.3,1.7,2.3,0.0,0.3,1.0
佩贾-斯托亚科维奇,33,6.5,0.5,0.8,0.0,0.5,0.0
2011NBA总决赛热火 (2-4)球员数据表,,,,,,,
球员,年龄,场均上场时间(分钟),场均得分,场均篮板,场均助攻,场均抢断,场均盖帽
德维恩-韦德,29,39.0,26.5,7.0,5.2,1.5,1.5
克里斯-波什,26,39.5,18.5,7.3,1.0,0.2,0.5
勒布朗-詹姆斯,26,43.7,17.8,7.2,6.8,1.7,0.5
马里奥-查默斯,24,29.0,11.8,2.7,3.5,1.7,0.0
犹多尼斯-哈斯勒姆,30,29.3,6.7,5.2,0.7,0.5,0.5
迈克-米勒,30,15.7,3.5,2.8,0.8,0.8,0.2
迈克-毕比,32,17.4,3.8,1.4,1.0,1.4,0.2
埃迪-豪斯,32,12.5,4.5,2.0,0.5,1.0,0.0
朱万-霍华德,37,5.8,1.8,1.2,0.2,0.0,0.0
乔尔-安东尼,28,20.5,1.3,3.5,0.3,0.2,1.2
2010NBA总决赛湖人 (4-3)球员数据表,,,,,,,
球员,年龄,场均上场时间(分钟),场均得分,场均篮板,场均助攻,场均抢断,场均盖帽
科比-布莱恩特,31,41.1,28.6,8.0,3.9,2.1,0.7
保罗-加索尔,29,41.9,18.6,11.6,3.7,0.7,2.6
梅塔-沃尔德皮斯,30,35.9,10.6,4.6,1.3,1.4,0.6
德里克-费舍尔,35,30.6,8.6,3.0,2.0,0.9,0.0
拉马尔-奥多姆,30,27.4,7.6,6.6,1.3,0.6,0.6
安德鲁-拜纳姆,22,25.0,7.4,5.1,0.0,0.1,1.3
香农-布朗,24,12.0,3.0,0.9,0.4,0.0,0.1
乔丹-法马尔,23,12.6,3.0,1.1,0.9,1.1,0.0
萨沙-武贾西奇,25,7.4,3.0,1.0,0.7,0.3,0.0
卢克-沃顿,29,7.8,0.5,0.5,0.8,0.0,0.5
D.J. Mbenga,29,3.0,0.0,1.0,0.0,0.0,0.0
约什-鲍威尔,27,4.0,0.0,0.5,0.0,0.0,0.0
2010NBA总决赛凯尔特人 (3-4)球员数据表,,,,,,,
球员,年龄,场均上场时间(分钟),场均得分,场均篮板,场均助攻,场均抢断,场均盖帽
保罗-皮尔斯,32,39.7,18.0,5.3,3.0,0.7,0.9
凯文-加内特,33,31.7,15.3,5.6,3.0,1.4,1.3
雷-阿伦,34,39.4,14.6,2.7,1.7,0.7,0.0
拉简-隆多,23,38.9,13.6,6.3,7.6,1.6,0.3
格伦-戴维斯,24,20.6,6.7,5.6,0.4,0.9,0.4
拉希德-华莱士,35,20.6,5.3,4.6,0.9,0.4,0.7
肯德里克-帕金斯,25,23.5,5.8,5.8,1.0,0.2,0.0
内特-罗宾逊,25,10.1,4.9,1.1,1.9,0.1,0.0
托尼-阿伦,28,14.7,3.1,1.0,0.4,1.0,0.7
马奎斯-丹尼尔斯,29,2.0,2.5,0.5,0.0,0.0,0.0
迈克尔-芬利,36,2.5,0.0,0.0,0.0,0.0,0.0
布莱恩-斯卡拉布莱恩,31,1.0,0.0,0.0,0.0,0.0,0.0
谢尔登-威廉姆斯,26,9.0,0.0,2.0,0.0,0.0,0.0
2009NBA总决赛湖人 (4-1)球员数据表,,,,,,,
球员,年龄,场均上场时间(分钟),场均得分,场均篮板,场均助攻,场均抢断,场均盖帽
科比-布莱恩特,30,43.8,32.4,5.6,7.4,1.4,1.4
保罗-加索尔,28,42.4,18.6,9.2,2.2,0.8,1.8
拉马尔-奥多姆,29,33.8,13.4,7.8,0.8,1.0,1.0
特雷沃-阿里扎,23,37.6,11.0,6.0,1.6,1.8,0.2
德里克-费舍尔,34,35.8,11.0,3.0,1.8,1.2,0.0
安德鲁-拜纳姆,21,19.0,6.0,4.2,0.6,0.4,0.6
卢克-沃顿,28,15.2,3.8,2.0,1.0,0.2,0.0
乔丹-法马尔,22,11.4,3.4,1.2,0.4,0.4,0.0
约什-鲍威尔,26,5.5,2.5,2.0,0.5,0.0,0.0
香农-布朗,23,5.3,0.0,0.3,0.0,0.0,0.0
D.J. Mbenga,28,2.0,0.0,0.3,0.0,0.0,0.3
萨沙-武贾西奇,24,4.4,0.0,0.4,0.4,0.0,0.0
2009NBA总决赛魔术 (1-4)球员数据表,,,,,,,
球员,年龄,场均上场时间(分钟),场均得分,场均篮板,场均助攻,场均抢断,场均盖帽
希度-特科格鲁,29,41.2,18.0,4.6,3.8,0.8,0.4
拉沙德-刘易斯,29,42.4,17.4,7.6,4.0,0.8,0.0
德怀特-霍华德,23,42.6,15.4,15.2,2.2,1.6,4.0
拉夫-阿尔斯通,32,29.4,10.6,2.2,3.0,0.8,0.0
迈克尔-皮特鲁斯,26,28.0,10.6,2.0,0.4,0.6,0.2
考特尼-李,23,17.6,5.8,1.4,0.2,0.6,0.0
JJ-雷迪克,24,16.3,5.5,0.5,2.0,0.3,0.0
贾米尔-尼尔森,26,18.0,3.8,1.4,2.8,0.2,0.0
马尔钦-戈塔特,24,10.6,3.2,2.6,0.0,0.4,1.0
托尼-巴蒂,32,7.0,2.0,0.8,0.4,0.0,0.4
2008NBA总决赛凯尔特人 (4-2)球员数据表,,,,,,,
球员,年龄,场均上场时间(分钟),场均得分,场均篮板,场均助攻,场均抢断,场均盖帽
保罗-皮尔斯,30,38.8,21.8,4.5,6.3,1.2,0.3
雷-阿伦,32,41.0,20.3,5.0,2.5,1.3,0.7
凯文-加内特,31,38.0,18.2,13.0,3.0,1.7,1.0
拉简-隆多,21,27.0,9.3,3.8,6.7,1.5,0.5
詹姆斯-波西,31,25.2,8.7,3.8,0.5,1.3,0.2
里昂-鲍威,24,8.8,6.2,3.2,0.0,0.0,0.0
埃迪-豪斯,29,18.5,8.0,2.5,2.5,0.3,0.0
PJ-布朗,38,19.5,4.0,3.2,0.7,0.5,0.5
肯德里克-帕金斯,23,18.4,4.0,3.6,0.4,0.6,1.0
萨姆-卡塞尔,38,10.2,3.8,0.2,1.2,0.4,0.0
托尼-阿伦,26,6.3,2.7,0.3,0.7,0.3,0.0
格伦-戴维斯,22,15.0,3.0,4.0,0.0,0.0,0.0
2008NBA总决赛湖人 (2-4)球员数据表,,,,,,,
球员,年龄,场均上场时间(分钟),场均得分,场均篮板,场均助攻,场均抢断,场均盖帽
科比-布莱恩特,29,43.0,25.7,4.7,5.0,2.7,0.2
保罗-加索尔,27,39.0,14.7,10.2,3.3,0.5,0.5
拉马尔-奥多姆,28,36.7,13.5,9.0,3.0,0.3,1.0
德里克-费舍尔,33,31.2,10.8,1.5,3.2,1.5,0.0
萨沙-武贾西奇,23,22.0,8.3,2.0,0.8,0.5,0.2
弗拉迪米尔-拉德马诺维奇,27,21.3,7.3,4.8,1.3,0.7,0.0
乔丹-法马尔,21,19.2,7.0,1.8,1.3,0.3,0.5
卢克-沃顿,27,11.0,2.5,1.0,1.2,0.2,0.2
特雷沃-阿里扎,22,7.0,2.6,1.8,0.2,0.2,0.2
罗尼-图里亚夫,25,10.3,1.8,0.7,0.0,0.0,0.5
克里斯-米姆,28,3.0,0.0,0.0,0.0,0.0,0.0
2007NBA总决赛马刺 (4-0)球员数据表,,,,,,,
球员,年龄,场均上场时间(分钟),场均得分,场均篮板,场均助攻,场均抢断,场均盖帽
托尼-帕克,24,37.8,24.5,5.0,3.3,0.8,0.0
蒂姆-邓肯,30,37.3,18.3,11.5,3.8,1.3,2.3
马努-吉诺比利,29,29.3,17.8,5.8,2.5,1.3,0.0
布鲁斯-鲍文,35,41.8,6.0,5.5,1.3,0.5,0.3
法布里希奥-奥博托,31,20.8,4.3,4.3,0.5,0.3,0.0
弗朗西斯科-埃尔森,30,11.5,4.0,2.5,0.0,0.3,0.0
迈克尔-芬利,33,18.5,3.8,2.0,0.8,1.3,0.0
布伦特-巴里,35,10.5,3.0,1.5,0.5,0.3,0.0
罗伯特-霍里,36,22.0,3.0,4.5,3.3,0.3,1.3
雅克-沃恩,31,10.3,2.0,1.3,1.0,0.0,0.0
本诺-尤德里,24,0.5,0.0,0.0,0.0,0.0,0.0
2007NBA总决赛骑士 (0-4)球员数据表,,,,,,,
球员,年龄,场均上场时间(分钟),场均得分,场均篮板,场均助攻,场均抢断,场均盖帽
勒布朗-詹姆斯,22,42.5,22.0,7.0,6.8,1.0,0.5
德鲁-古登,25,27.5,12.8,8.3,0.3,0.3,0.5
丹尼尔-吉布森,20,34.8,10.8,1.8,2.5,1.5,0.0
萨沙-帕夫洛维奇,23,31.8,9.8,2.5,0.8,0.5,0.0
扎诸纳斯-伊尔戈斯卡斯,31,25.8,7.8,10.3,0.5,0.5,1.0
安德森-瓦莱乔,24,24.5,7.5,5.3,0.8,1.3,0.5
达蒙-琼斯,30,16.3,4.5,1.3,1.0,0.0,0.0
唐耶尔-马绍尔,33,15.3,3.8,2.3,1.3,0.8,0.0
埃里克-斯诺,33,10.3,1.3,1.0,2.3,0.3,0.3
拉里-休斯,28,22.0,1.0,2.5,1.0,0.5,0.0
香农-布朗,21,0.0,0.0,0.0,0.0,0.0,0.0
伊拉-纽贝尔,32,1.0,0.0,1.0,0.0,0.0,0.0
斯科特-波拉德,31,1.0,0.0,0.0,0.0,0.0,0.0
2006NBA总决赛热火 (4-2)球员数据表,,,,,,,
球员,年龄,场均上场时间(分钟),场均得分,场均篮板,场均助攻,场均抢断,场均盖帽
德维恩-韦德,24,43.5,34.7,7.8,3.8,2.7,1.0
安托万-沃克,29,36.5,13.8,5.5,2.2,0.7,0.5
沙奎尔-奥尼尔,33,35.2,13.7,10.2,2.8,0.5,0.8
杰森-威廉姆斯,30,31.3,8.8,1.8,4.7,0.5,0.0
詹姆斯-波西,29,29.5,7.3,6.0,0.3,1.0,0.0
犹多尼斯-哈斯勒姆,25,29.2,6.5,6.2,0.3,1.2,0.0
阿隆佐-莫宁,35,11.0,4.3,3.2,0.0,0.3,1.5
加里-佩顿,37,22.3,2.7,2.0,2.0,1.0,0.0
山顿-安德森,32,7.8,1.5,1.8,0.8,0.0,0.0
迈克尔-多里亚克,28,1.0,0.0,0.0,0.0,0.0,0.0
杰森-卡波诺,24,2.0,0.0,0.0,0.0,0.0,0.0
2006NBA总决赛独行侠 (2-4)球员数据表,,,,,,,
球员,年龄,场均上场时间(分钟),场均得分,场均篮板,场均助攻,场均抢断,场均盖帽
德克-诺维茨基,27,43.7,22.8,10.8,2.5,0.7,0.7
杰森-特里,28,40.0,22.0,2.2,3.5,1.8,0.0
约什-霍华德,25,38.5,14.7,8.2,1.8,1.2,0.7
杰里-斯塔克豪斯,31,30.0,12.8,3.4,3.0,0.8,0.6
德文-哈里斯,22,24.5,7.3,0.8,2.8,0.8,0.0
埃里克-丹皮尔,30,24.7,5.7,8.2,0.3,1.0,0.7
阿德里安-格里芬,31,13.7,3.0,3.2,0.8,0.8,0.0
马奎斯-丹尼尔斯,25,8.8,2.8,0.5,1.3,0.0,0.0
德萨盖纳-迪奥普,24,15.7,1.7,3.3,0.2,0.3,0.8
基思-范霍恩,30,7.8,1.4,1.2,0.0,0.0,0.0
达雷尔-阿姆斯特朗,37,6.0,0.0,1.0,0.0,0.0,0.0
D.J. Mbenga,25,4.5,0.0,1.5,0.0,0.0,0.0
约什-鲍威尔,23,4.0,0.0,1.0,0.0,0.0,0.0
2005NBA总决赛马刺 (4-3)球员数据表,,,,,,,
球员,年龄,场均上场时间(分钟),场均得分,场均篮板,场均助攻,场均抢断,场均盖帽
蒂姆-邓肯,28,40.7,20.6,14.1,2.1,0.4,2.1
马努-吉诺比利,27,36.0,18.7,5.9,4.0,1.3,0.1
托尼-帕克,22,37.9,13.9,2.4,3.4,0.3,0.1
罗伯特-霍里,34,29.1,10.6,4.9,2.1,1.0,0.7
布鲁斯-鲍文,33,38.7,7.9,2.7,2.0,0.6,0.7
纳兹尔-穆罕默德,27,22.6,4.9,6.0,0.0,0.3,0.9
布伦特-巴里,33,20.3,4.6,2.1,1.6,0.6,0.3
本诺-尤德里,22,9.2,2.4,1.0,0.8,0.2,0.0
德文-布朗,26,5.8,1.8,1.0,0.5,0.0,0.0
拉苏-内斯特洛维奇,28,6.3,0.5,2.0,0.3,0.0,0.3
格伦-罗宾逊,32,4.7,0.7,1.0,0.0,0.0,1.0
托尼-马森博格,37,3.0,0.0,1.0,0.0,0.0,0.0
2005NBA总决赛活塞 (3-4)球员数据表,,,,,,,
球员,年龄,场均上场时间(分钟),场均得分,场均篮板,场均助攻,场均抢断,场均盖帽
昌西-比卢普斯,28,40.3,20.4,5.0,6.3,1.0,0.1
理查德-汉密尔顿,26,42.1,16.7,5.3,2.6,0.6,0.1
拉希德-华莱士,30,32.4,10.9,5.6,1.9,2.0,2.4
本-华莱士,30,40.0,10.7,10.3,1.0,1.7,3.0
安东尼奥-麦克戴斯,30,22.3,10.1,7.3,1.0,0.9,1.1
泰肖恩-普林斯,24,39.0,10.1,4.9,2.6,1.4,0.6
林奇-亨特,34,19.6,5.6,1.9,2.7,1.3,0.1
卡洛斯-阿罗约,25,6.2,2.2,0.2,0.6,0.2,0.0
达尔文-哈姆,31,1.6,0.4,0.6,0.0,0.0,0.0
达科-米利西奇,19,2.3,0.7,0.7,0.0,0.0,0.0
埃尔登-坎贝尔,36,1.0,0.0,0.0,1.0,0.0,0.0
罗纳德-杜普里,24,1.8,0.0,0.0,0.0,0.0,0.0
2004NBA总决赛活塞 (4-1)球员数据表,,,,,,,
球员,年龄,场均上场时间(分钟),场均得分,场均篮板,场均助攻,场均抢断,场均盖帽
理查德-汉密尔顿,25,44.8,21.4,5.2,4.0,0.8,0.0
昌西-比卢普斯,27,38.8,21.0,3.2,5.2,1.2,0.0
拉希德-华莱士,29,30.6,13.0,7.8,1.4,0.4,1.6
本-华莱士,29,41.0,10.8,13.6,1.4,1.8,1.0
泰肖恩-普林斯,23,39.6,10.0,6.8,2.0,1.8,0.4
科利斯-威廉森,30,10.6,4.2,2.4,0.2,0.0,0.0
林奇-亨特,33,12.8,3.6,1.4,0.8,0.6,0.4
埃尔登-坎贝尔,35,13.6,3.4,2.6,1.6,1.0,0.6
梅米特-奥库,24,9.5,2.8,1.5,0.5,0.0,0.0
麦克-詹姆斯,28,3.4,0.8,0.8,0.8,0.0,0.0
达尔文-哈姆,30,1.8,0.5,0.3,0.0,0.0,0.0
达科-米利西奇,18,1.3,0.0,0.7,0.0,0.3,0.0
2004NBA总决赛湖人 (1-4)球员数据表,,,,,,,
球员,年龄,场均上场时间(分钟),场均得分,场均篮板,场均助攻,场均抢断,场均盖帽
沙奎尔-奥尼尔,31,42.6,26.6,10.8,1.6,0.4,0.6
科比-布莱恩特,25,46.2,22.6,2.8,4.4,1.8,0.6
德里克-费舍尔,29,20.2,6.4,3.0,1.8,1.0,0.0
德文-乔治,26,21.2,5.8,2.8,0.6,1.0,0.4
加里-佩顿,35,33.4,4.2,3.0,4.4,1.2,0.4
卡尔-马龙,40,31.3,5.0,7.3,2.3,0.3,0.3
斯坦尼斯拉夫-梅德维登科,24,14.2,3.6,3.6,0.6,0.0,0.2
卡里姆-拉什,23,15.2,3.6,1.0,0.4,0.2,0.0
卢克-沃顿,23,19.8,3.3,3.0,4.5,1.5,0.5
里克-福克斯,34,9.7,2.7,1.0,2.3,0.0,0.0
布莱恩-库克,23,7.0,1.3,2.7,0.0,0.3,0.0
布莱恩-拉塞尔,33,2.3,0.0,0.3,0.0,0.0,0.0
2003NBA总决赛马刺 (4-2)球员数据表,,,,,,,
球员,年龄,场均上场时间(分钟),场均得分,场均篮板,场均助攻,场均抢断,场均盖帽
蒂姆-邓肯,26,44.0,24.2,17.0,5.3,1.0,5.3
托尼-帕克,20,35.3,14.0,3.2,4.2,0.3,0.2
大卫-罗宾逊,37,26.7,10.8,7.3,0.7,1.2,1.8
斯蒂芬-杰克逊,24,35.5,10.3,4.2,2.7,1.2,0.3
马努-吉诺比利,25,28.5,8.7,4.5,2.0,2.2,0.5
马利克-罗斯,28,21.2,7.7,3.8,0.7,0.5,0.5
斯彼迪-克莱斯克顿,24,12.7,6.2,1.0,1.5,0.7,0.7
布鲁斯-鲍文,31,28.7,3.3,3.2,0.8,0.7,0.3
史蒂夫-科尔,37,4.8,2.0,0.3,0.5,0.3,0.0
凯文-威利斯,40,4.6,1.6,1.8,0.0,0.0,0.2
丹尼-费里,36,0.7,0.0,0.0,0.0,0.0,0.0
史蒂夫-史密斯,33,1.0,0.0,0.0,0.0,0.0,0.0
2003NBA总决赛新泽西篮网 (2-4)球员数据表,,,,,,,
球员,年龄,场均上场时间(分钟),场均得分,场均篮板,场均助攻,场均抢断,场均盖帽
杰森-基德,29,44.2,19.7,6.2,7.8,1.2,0.2
肯扬-马丁,25,37.3,14.7,10.0,2.2,1.7,2.3
理查德-杰弗森,22,38.3,13.2,6.5,1.8,1.3,0.3
科瑞-基德尔斯,28,31.3,10.8,4.2,1.3,1.8,0.5
鲁西奥斯-哈里斯,32,20.7,6.5,2.7,1.2,0.3,0.0
罗德尼-罗杰斯,31,12.3,4.7,1.7,0.5,0.0,0.0
阿龙-威廉姆斯,31,14.4,5.6,4.2,0.8,0.2,1.4
杰森-科林斯,24,25.3,3.7,4.7,1.0,0.7,0.5
迪肯贝-穆托姆博,36,13.7,2.3,2.8,0.0,0.5,1.3
安东尼-约翰逊,28,5.6,2.2,0.2,0.2,0.2,0.0
布莱恩-斯卡拉布莱恩,24,1.0,0.0,1.0,0.0,0.0,0.0
特马尔-斯利,22,1.0,0.0,0.0,0.0,0.0,0.0
2002NBA总决赛湖人 (4-0)球员数据表,,,,,,,
球员,年龄,场均上场时间(分钟),场均得分,场均篮板,场均助攻,场均抢断,场均盖帽
沙奎尔-奥尼尔,29,41.5,36.3,12.3,3.8,0.5,2.8
科比-布莱恩特,23,43.5,26.8,5.8,5.3,1.5,0.8
德里克-费舍尔,27,33.0,12.8,3.5,3.8,0.3,0.0
里克-福克斯,32,36.5,9.8,6.3,3.5,1.5,0.5
罗伯特-霍里,31,39.5,8.0,7.3,4.3,2.8,1.8
德文-乔治,24,18.0,6.5,4.8,0.0,0.3,0.5
布莱恩-肖,35,16.3,3.5,1.8,2.5,0.3,0.5
萨马基-沃克,25,6.0,1.0,2.0,0.0,0.0,0.3
林奇-亨特,31,4.0,0.7,0.3,0.0,0.0,0.0
斯坦尼斯拉夫-梅德维登科,22,4.5,1.0,0.5,0.0,0.0,0.0
米奇-里奇蒙德,36,1.0,2.0,0.0,0.0,0.0,0.0
马克-麦德森,26,2.0,0.0,0.0,0.0,0.0,0.0
2002NBA总决赛新泽西篮网 (0-4)球员数据表,,,,,,,
球员,年龄,场均上场时间(分钟),场均得分,场均篮板,场均助攻,场均抢断,场均盖帽
肯扬-马丁,24,39.5,22.0,6.5,2.5,1.5,1.0
杰森-基德,28,41.8,20.8,7.3,9.8,2.3,0.8
科瑞-基德尔斯,27,26.5,12.5,2.0,2.5,1.5,0.5
基思-范霍恩,26,30.5,10.5,5.8,2.3,0.5,0.3
鲁西奥斯-哈里斯,31,22.8,7.8,2.8,2.0,1.0,0.0
托德-马克洛奇,26,18.3,7.5,5.0,0.5,0.8,1.0
理查德-杰弗森,21,24.3,6.8,4.5,1.3,1.0,0.0
杰森-科林斯,23,19.0,4.3,2.5,0.3,0.3,0.5
阿龙-威廉姆斯,30,11.5,3.5,2.3,0.3,0.8,0.5
安东尼-约翰逊,27,5.3,1.3,0.5,0.3,0.0,0.0
唐尼-马绍尔,29,1.0,0.0,0.0,0.0,0.0,0.0
布莱恩-斯卡拉布莱恩,23,1.0,0.0,0.0,0.0,0.0,0.0
2001NBA总决赛湖人 (4-1)球员数据表,,,,,,,
球员,年龄,场均上场时间(分钟),场均得分,场均篮板,场均助攻,场均抢断,场均盖帽
沙奎尔-奥尼尔,28,45.0,33.0,15.8,4.8,0.4,3.4
科比-布莱恩特,22,46.8,24.6,7.8,5.8,1.4,1.4
德里克-费舍尔,26,31.2,9.8,1.2,2.0,1.6,0.2
里克-福克斯,31,33.0,9.8,4.6,3.8,1.2,0.4
罗伯特-霍里,30,25.4,8.4,5.0,1.2,0.8,1.4
霍雷斯-格兰特,35,24.8,5.2,5.6,0.6,0.4,1.4
泰伦-卢,23,14.8,3.6,0.8,1.4,1.4,0.2
布莱恩-肖,34,18.6,3.6,3.2,2.8,0.8,0.0
罗恩-哈珀,37,8.3,4.3,1.7,1.0,0.3,0.3
马克-麦德森,25,1.0,0.0,0.5,0.0,0.0,0.5
2001NBA总决赛76人 (1-4)球员数据表,,,,,,,
球员,年龄,场均上场时间(分钟),场均得分,场均篮板,场均助攻,场均抢断,场均盖帽
阿伦-艾弗森,25,47.8,35.6,5.6,3.8,1.8,0.2
迪肯贝-穆托姆博,34,41.6,16.8,12.2,0.4,0.4,2.2
埃里克-斯诺,27,33.2,12.6,4.4,6.0,1.6,0.2
阿隆-麦基,28,41.2,8.0,5.4,6.0,1.2,0.6
特伊隆-希尔,32,28.2,6.6,6.6,0.4,0.0,1.2
马特-盖革,31,10.6,5.2,1.0,0.4,0.2,0.0
拉加-贝尔,24,15.8,2.6,1.8,0.8,2.0,0.0
托德-马克洛奇,25,6.2,2.6,1.4,0.0,0.0,0.0
朱梅因-琼斯,21,12.2,2.0,2.0,0.2,0.2,0.4
凯文-奥利,28,2.8,1.0,0.2,0.2,0.0,0.0
罗德尼-布福德,23,4.0,0.7,2.0,0.0,0.0,0.0
乔治-林奇,30,6.5,1.0,2.5,0.5,1.0,0.0
2000NBA总决赛湖人 (4-2)球员数据表,,,,,,,
球员,年龄,场均上场时间(分钟),场均得分,场均篮板,场均助攻,场均抢断,场均盖帽
沙奎尔-奥尼尔,27,45.7,38.0,16.7,2.3,1.0,2.7
科比-布莱恩特,21,35.2,15.6,4.6,4.2,1.0,1.4
格伦-莱斯,32,32.2,11.5,2.5,1.7,0.8,0.2
罗恩-哈珀,36,30.8,10.8,3.3,4.8,1.3,0.2
罗伯特-霍里,29,30.3,9.2,5.2,2.8,0.8,1.0
里克-福克斯,30,17.3,6.7,1.7,1.0,0.5,0.0
德里克-费舍尔,25,18.7,6.0,1.0,3.8,0.8,0.0
A.C. Green,36,17.2,5.0,3.3,0.5,0.2,0.0
布莱恩-肖,33,18.7,3.0,2.8,2.8,0.3,0.0
泰瑞斯-奈特,25,2.5,1.3,0.5,0.0,0.0,0.0
约翰-萨利,35,3.3,1.0,0.8,0.0,0.3,0.0
德文-乔治,22,3.0,1.0,1.0,0.0,0.0,0.0
2000NBA总决赛步行者 (2-4)球员数据表,,,,,,,
球员,年龄,场均上场时间(分钟),场均得分,场均篮板,场均助攻,场均抢断,场均盖帽
雷吉-米勒,34,42.0,24.3,2.7,3.7,0.8,0.3
杰伦-罗斯,27,43.3,23.0,4.5,3.0,0.8,0.3
奥斯汀-克罗希尔,24,24.2,15.2,6.0,0.8,0.3,1.0
里克-施密茨,33,19.2,10.0,4.0,0.5,0.5,1.2
马克-杰克逊,34,31.2,9.7,5.3,7.7,0.8,0.0
戴尔-戴维斯,30,29.5,8.7,10.0,1.0,0.3,1.0
萨姆-帕金斯,38,22.0,6.0,4.0,1.0,0.5,0.0
特拉维斯-贝斯特,27,16.3,5.8,1.2,2.2,0.7,0.2
德里克-麦基,33,12.0,1.8,3.2,0.2,0.3,0.2
乔纳森-本德,19,3.0,3.5,0.5,0.0,0.5,0.0
克里斯-穆林,36,4.0,1.3,0.0,0.3,0.3,0.3
扎恩-塔巴克,29,3.3,0.7,0.3,0.0,0.0,0.0
1999NBA总决赛马刺 (4-1)球员数据表,,,,,,,
球员,年龄,场均上场时间(分钟),场均得分,场均篮板,场均助攻,场均抢断,场均盖帽
蒂姆-邓肯,22,45.6,27.4,14.0,2.4,1.0,2.2
大卫-罗宾逊,33,37.2,16.6,11.8,2.4,1.0,3.0
马里奥-艾利,35,35.0,11.6,4.0,2.6,1.2,0.0
埃弗里-约翰逊,33,39.2,9.2,2.6,7.2,0.6,0.0
肖恩-埃利奥特,30,36.4,8.0,3.0,3.0,0.8,0.2
小贾伦-杰克逊,31,19.2,6.6,1.4,1.0,1.0,0.0
安东尼奥-丹尼尔斯,23,5.8,2.5,0.5,1.0,0.3,0.0
史蒂夫-科尔,33,8.8,1.8,1.0,0.4,0.0,0.0
马利克-罗斯,24,13.0,1.2,2.4,0.4,0.6,0.4
杰罗姆-克西,36,2.0,1.0,0.0,0.0,0.0,0.0
杰拉德-金,26,0.5,0.0,0.0,0.0,0.0,0.0
1999NBA总决赛尼克斯 (1-4)球员数据表,,,,,,,
球员,年龄,场均上场时间(分钟),场均得分,场均篮板,场均助攻,场均抢断,场均盖帽
拉特里尔-斯普雷威尔,28,44.0,26.0,6.6,2.6,1.4,0.2
阿兰-休斯敦,27,44.6,21.6,3.2,3.4,0.4,0.0
马库斯-坎比,24,27.2,9.6,7.8,0.2,0.6,2.0
拉里-约翰逊,29,36.8,7.6,4.8,1.4,1.2,0.2
查理-沃德,28,29.2,5.8,3.2,3.6,2.6,0.4
科特-托马斯,26,21.2,5.6,7.6,0.4,1.2,0.0
克里斯-柴尔斯,31,21.0,2.4,1.2,2.2,0.4,0.0
克里斯-杜德利,33,15.6,1.2,3.8,0.2,0.2,0.6
里克-布伦森,26,0.0,0.0,0.0,0.0,0.0,0.0
赫伯-威廉姆斯,40,1.0,0.0,0.0,0.0,0.0,0.0
1998NBA总决赛公牛 (4-2)球员数据表,,,,,,,
球员,年龄,场均上场时间(分钟),场均得分,场均篮板,场均助攻,场均抢断,场均盖帽
迈克尔-乔丹,34,41.7,33.5,4.0,2.3,1.8,0.7
斯科蒂-皮蓬,32,39.5,15.7,6.8,4.8,1.7,0.8
托尼-库科奇,29,37.0,15.2,4.7,2.7,1.2,0.7
罗恩-哈珀,34,28.8,5.3,4.5,2.8,1.5,0.7
卢克-朗利,29,21.8,5.0,4.8,1.5,0.8,0.8
史蒂夫-科尔,32,20.8,3.8,0.3,2.5,0.3,0.0
斯科特-伯勒尔,27,13.8,3.5,2.5,0.0,1.2,0.2
丹尼斯-罗德曼,36,30.3,3.3,8.3,1.0,1.2,0.3
尤德-比希勒,29,5.0,1.3,0.3,0.3,0.2,0.2
比尔-温宁顿,34,4.3,1.3,1.0,0.3,0.0,0.3
兰迪-布朗,29,4.0,1.0,1.0,0.0,0.5,0.0
迪克-辛普金斯,25,6.0,1.0,1.5,0.5,0.0,0.5
1998NBA总决赛爵士 (2-4)球员数据表,,,,,,,
球员,年龄,场均上场时间(分钟),场均得分,场均篮板,场均助攻,场均抢断,场均盖帽
卡尔-马龙,34,40.5,25.0,10.5,3.8,1.0,1.2
杰夫-霍纳塞克,34,34.2,10.7,2.7,2.7,0.8,0.2
约翰-斯托克顿,35,32.2,9.7,2.5,8.7,2.0,0.0
布莱恩-拉塞尔,27,36.2,8.8,5.0,1.3,1.2,0.2
山顿-安德森,24,21.0,7.3,2.7,0.3,0.2,0.2
霍华德-埃斯利,25,17.7,4.7,2.0,3.8,0.3,0.2
克里斯-莫里斯,32,17.5,4.3,2.5,0.5,0.3,0.2
安托万-卡尔,36,14.5,4.2,2.0,0.0,0.0,0.2
亚当-基夫,27,12.2,2.8,3.4,0.2,0.4,0.0
格雷格-奥斯特塔格,24,11.0,2.2,3.2,0.0,0.0,0.2
格雷格-福斯特,29,10.3,1.3,2.3,0.0,0.2,0.2
雅克-沃恩,22,7.0,0.0,2.0,0.0,0.0,0.0
1997NBA总决赛公牛 (4-2)球员数据表,,,,,,,
球员,年龄,场均上场时间(分钟),场均得分,场均篮板,场均助攻,场均抢断,场均盖帽
迈克尔-乔丹,33,42.7,32.3,7.0,6.0,1.2,0.8
斯科蒂-皮蓬,31,42.7,20.0,8.3,3.5,1.7,1.8
托尼-库科奇,28,23.2,8.0,3.2,2.7,0.2,0.5
毕森-德勒,27,20.2,6.8,3.3,0.8,1.0,0.2
卢克-朗利,28,22.0,6.8,3.8,1.2,0.7,0.5
罗恩-哈珀,33,27.0,4.8,4.5,2.3,1.0,1.0
史蒂夫-科尔,31,19.5,4.3,0.8,1.0,0.7,0.2
丹尼斯-罗德曼,35,27.2,2.3,7.7,1.5,0.7,0.2
尤德-比希勒,28,8.7,1.7,1.2,0.3,0.5,0.0
兰迪-布朗,28,4.8,0.8,0.2,0.2,0.2,0.2
贾森-卡菲,23,3.6,0.0,0.4,0.2,0.0,0.0
1997NBA总决赛爵士 (2-4)球员数据表,,,,,,,
球员,年龄,场均上场时间(分钟),场均得分,场均篮板,场均助攻,场均抢断,场均盖帽
卡尔-马龙,33,40.8,23.8,10.3,3.5,1.7,0.3
约翰-斯托克顿,34,37.7,15.0,4.0,8.8,2.0,0.5
杰夫-霍纳塞克,33,34.2,12.0,3.5,2.2,0.7,0.0
布莱恩-拉塞尔,26,39.0,11.3,5.8,0.7,0.8,0.2
格雷格-福斯特,28,15.8,5.5,3.5,0.7,0.3,0.3
霍华德-埃斯利,24,10.3,5.3,0.7,2.5,0.2,0.0
格雷格-奥斯特塔格,23,22.0,4.3,7.3,0.3,0.5,1.5
克里斯-莫里斯,31,11.7,3.5,1.7,0.2,0.3,0.5
安托万-卡尔,35,9.7,3.0,1.7,0.8,0.0,0.0
山顿-安德森,23,20.8,4.3,1.8,0.5,1.0,0.0
亚当-基夫,26,7.5,0.8,1.8,0.3,0.3,0.3
1996NBA总决赛公牛 (4-2)球员数据表,,,,,,,
球员,年龄,场均上场时间(分钟),场均得分,场均篮板,场均助攻,场均抢断,场均盖帽
迈克尔-乔丹,32,42.0,27.3,5.3,4.2,1.7,0.2
斯科蒂-皮蓬,30,41.3,15.7,8.2,5.3,2.3,1.3
托尼-库科奇,27,29.5,13.0,4.8,3.5,0.8,0.3
卢克-朗利,27,28.3,11.7,3.8,2.2,0.5,1.8
丹尼斯-罗德曼,34,37.5,7.5,14.7,2.5,0.8,0.2
罗恩-哈珀,32,19.3,6.5,2.2,1.7,0.7,0.3
史蒂夫-科尔,30,18.8,5.0,0.8,0.8,0.2,0.0
兰迪-布朗,27,8.2,2.8,0.3,0.8,0.7,0.0
比尔-温宁顿,32,7.0,2.8,0.5,0.2,0.0,0.0
尤德-比希勒,27,5.5,0.7,0.0,0.2,0.7,0.0
约翰-萨利,31,3.0,0.0,0.2,0.4,0.0,0.0
1996NBA总决赛西雅图超音速 (2-4)球员数据表,,,,,,,
球员,年龄,场均上场时间(分钟),场均得分,场均篮板,场均助攻,场均抢断,场均盖帽
肖恩-坎普,26,40.3,23.3,10.0,2.2,1.3,2.0
加里-佩顿,27,45.7,18.0,6.3,7.0,1.5,0.0
德特勒夫-施伦普夫,33,39.7,16.3,5.0,2.5,0.5,0.2
赫塞-霍金斯,29,38.3,13.3,3.5,1.0,1.2,0.2
萨姆-帕金斯,34,31.7,11.2,4.7,2.0,0.5,0.0
大卫-温盖特,32,8.0,2.5,0.3,0.0,0.0,0.0
内特-麦克米兰,31,12.8,2.8,2.8,1.5,0.5,0.0
文森特-艾斯丘,29,15.5,1.8,2.5,0.5,0.5,0.0
弗兰克-布里克考斯基,36,11.3,0.8,2.0,0.5,0.2,0.2
埃尔文-约翰逊,28,6.7,1.3,2.3,0.3,0.3,0.3
史蒂夫-谢夫勒,28,2.0,0.0,0.5,0.0,0.0,0.0
埃里克-斯诺,22,1.5,0.0,0.3,0.2,0.0,0.0
1995NBA总决赛火箭 (4-0)球员数据表,,,,,,,
球员,年龄,场均上场时间(分钟),场均得分,场均篮板,场均助攻,场均抢断,场均盖帽
哈基姆-奥拉朱旺,32,44.8,32.8,11.5,5.5,2.0,2.0
克莱德-德雷克斯勒,32,40.5,21.5,9.5,6.8,1.0,0.3
罗伯特-霍里,24,46.8,17.8,10.0,3.8,3.0,2.3
马里奥-艾利,31,40.3,16.3,4.3,3.3,2.0,0.0
萨姆-卡塞尔,25,23.3,14.3,1.8,3.0,1.8,0.0
肯尼-史密斯,29,26.3,7.5,1.8,4.0,0.3,0.0
查基-布朗,26,9.5,3.0,2.8,0.0,0.0,0.5
查尔斯-琼斯,37,14.3,1.0,1.8,0.0,0.0,0.0
皮特-奇尔卡特,26,1.0,0.0,0.0,0.0,0.0,0.0
1995NBA总决赛魔术 (0-4)球员数据表,,,,,,,
球员,年龄,场均上场时间(分钟),场均得分,场均篮板,场均助攻,场均抢断,场均盖帽
沙奎尔-奥尼尔,22,45.0,28.0,12.5,6.3,0.3,2.5
安芬尼-哈达威,23,43.0,25.5,4.8,8.0,1.0,0.8
霍雷斯-格兰特,29,42.0,13.5,12.0,1.5,0.5,0.5
布莱恩-肖,28,21.0,12.5,3.3,3.3,0.5,0.3
尼可-安德森,27,40.3,12.3,8.5,4.3,2.0,0.5
丹尼斯-斯科特,26,37.5,10.5,3.5,2.3,1.0,0.3
安东尼-鲍伊,31,6.5,3.3,0.5,1.5,0.0,0.3
杰夫-特纳,32,10.8,1.5,1.0,0.5,0.0,0.0
唐纳德-洛耶尔,28,1.0,0.0,0.0,0.0,0.0,0.0
1994NBA总决赛火箭 (4-3)球员数据表,,,,,,,
球员,年龄,场均上场时间(分钟),场均得分,场均篮板,场均助攻,场均抢断,场均盖帽
哈基姆-奥拉朱旺,31,43.1,26.9,9.1,3.6,1.6,3.9
弗农-马克斯韦尔,28,37.7,13.4,3.3,2.9,0.6,0.0
罗伯特-霍里,23,37.9,10.3,6.1,3.7,1.3,0.6
萨姆-卡塞尔,24,22.6,10.0,3.1,2.9,1.3,0.3
奥蒂斯-索普,31,39.6,9.3,11.3,3.3,0.9,0.0
卡尔-埃雷拉,27,17.3,7.1,3.6,0.4,0.4,0.1
肯尼-史密斯,28,25.4,5.6,1.4,3.1,0.7,0.0
马里奥-艾利,30,11.3,2.4,1.0,1.0,0.3,0.1
马特-布拉德,26,13.5,4.0,3.0,0.0,0.5,0.5
厄尔-克雷顿,36,2.0,0.0,0.0,0.0,0.0,0.0
克里斯-詹特,24,2.3,0.0,0.3,0.0,0.0,0.0
1994NBA总决赛尼克斯 (3-4)球员数据表,,,,,,,
球员,年龄,场均上场时间(分钟),场均得分,场均篮板,场均助攻,场均抢断,场均盖帽
帕特里克-尤因,31,44.0,18.9,12.4,1.7,1.3,4.3
约翰-斯塔克斯,28,41.9,17.7,3.1,5.9,1.6,0.1
德里克-哈珀,32,38.0,16.4,3.0,6.0,2.4,0.1
查尔斯-奥克利,30,40.7,11.0,11.9,2.4,1.1,0.1
查尔斯-史密斯,28,26.7,9.3,4.3,1.7,0.6,1.0
安东尼-梅森,27,29.3,8.6,6.9,1.3,0.7,0.0
格雷格-安东尼,26,11.4,3.3,0.9,2.4,0.4,0.1
休波特-戴维斯,23,7.6,1.6,0.4,0.4,0.0,0.2
安东尼-邦纳,25,5.5,2.0,1.0,0.0,0.0,0.0
赫伯-威廉姆斯,35,1.8,0.0,0.0,0.0,0.0,0.3
1993NBA总决赛公牛 (4-2)球员数据表,,,,,,,
球员,年龄,场均上场时间(分钟),场均得分,场均篮板,场均助攻,场均抢断,场均盖帽
迈克尔-乔丹,29,45.7,41.0,8.5,6.3,1.7,0.7
斯科蒂-皮蓬,27,44.3,21.2,9.2,7.7,2.0,1.0
B.J. Armstrong,25,41.8,13.5,1.8,5.0,0.8,0.2
霍雷斯-格兰特,27,38.8,11.2,10.3,2.3,1.5,1.5
约翰-帕克森,32,16.0,5.8,1.5,0.8,0.5,0.2
斯格特-威廉姆斯,24,26.5,4.7,6.3,1.7,0.5,1.5
比尔-卡特赖特,35,21.3,4.3,3.2,1.7,0.5,0.2
特伦特-塔克,33,6.8,2.8,0.3,0.7,0.2,0.0
斯塔塞-金,26,8.2,2.2,1.3,0.5,0.3,0.2
罗德尼-麦克雷,31,4.0,0.0,1.0,0.0,0.0,0.0
维尔-佩尔多,27,9.0,0.0,3.0,0.0,0.0,0.0
达内尔-沃克,31,1.7,0.0,0.0,0.3,0.0,0.0
1993NBA总决赛太阳 (2-4)球员数据表,,,,,,,
球员,年龄,场均上场时间(分钟),场均得分,场均篮板,场均助攻,场均抢断,场均盖帽
查尔斯-巴克利,29,46.2,27.3,13.0,5.5,1.2,0.5
凯文-约翰逊,26,43.3,17.2,3.0,6.5,1.3,0.3
丹-马尔利,27,46.8,17.2,8.2,3.7,1.3,2.2
理查德-杜马斯,23,26.7,15.8,4.3,1.0,1.3,1.0
丹尼-安吉,33,27.0,8.8,3.0,2.5,0.3,0.0
汤姆-钱伯斯,33,15.3,6.7,3.0,0.5,0.2,0.5
马克-韦斯特,32,21.7,5.7,4.3,0.7,0.0,1.2
奥利弗-米勒,22,17.8,5.0,4.2,1.3,0.7,2.0
弗兰克-约翰逊,34,7.3,3.0,0.3,0.8,0.5,0.0
杰罗德-穆斯塔夫,23,1.0,0.0,0.0,0.0,0.0,0.0
1992NBA总决赛公牛 (4-2)球员数据表,,,,,,,
球员,年龄,场均上场时间(分钟),场均得分,场均篮板,场均助攻,场均抢断,场均盖帽
迈克尔-乔丹,28,42.3,35.8,4.8,6.5,1.7,0.3
斯科蒂-皮蓬,26,40.7,20.8,8.3,7.7,1.5,0.7
约翰-帕克森,31,30.8,10.3,0.8,2.7,1.3,0.0
霍雷斯-格兰特,26,37.8,9.2,7.8,4.0,0.8,2.3
比尔-卡特赖特,34,25.2,6.3,4.0,1.5,0.5,0.2
B.J. Armstrong,24,17.8,5.8,0.8,2.3,0.3,0.0
斯格特-威廉姆斯,23,21.3,5.5,6.2,1.0,0.2,1.3
克里夫-莱温斯顿,31,10.8,3.8,2.2,0.7,0.2,0.2
斯塔塞-金,25,12.0,4.5,2.5,0.0,0.3,0.3
鲍伯-汉森,31,8.0,3.2,0.4,0.6,0.2,0.0
克雷格-霍奇思,31,3.0,1.0,0.0,0.0,0.5,0.0
维尔-佩尔多,26,3.3,0.7,1.0,0.0,0.0,0.0
1992NBA总决赛开拓者 (2-4)球员数据表,,,,,,,
球员,年龄,场均上场时间(分钟),场均得分,场均篮板,场均助攻,场均抢断,场均盖帽
克莱德-德雷克斯勒,29,39.7,24.8,7.8,5.3,1.3,1.0
特里-波特,28,43.8,16.2,4.3,4.7,1.0,0.3
杰罗姆-克西,29,38.0,14.8,8.7,3.3,1.8,0.2
克利弗德-罗宾逊,25,24.3,10.3,3.0,2.2,0.8,0.7
丹尼-安吉,32,23.0,10.0,2.0,2.5,0.8,0.2
凯文-达克沃斯,27,27.3,9.3,6.8,1.5,0.5,0.7
巴克-威廉姆斯,31,35.2,7.8,7.3,1.0,0.8,0.5
马克-布莱恩特,26,21.0,10.0,5.0,0.0,0.0,0.0
罗波特-派克,22,8.0,2.5,0.5,0.5,0.5,0.0
埃尼斯-威特利,29,5.2,0.8,0.2,0.2,0.6,0.0
阿拉-阿卜杜勒纳比,23,6.0,1.0,2.0,0.0,0.0,0.0
韦恩-库珀,35,8.0,0.0,2.0,0.0,0.0,2.0
1991NBA总决赛公牛 (4-1)球员数据表,,,,,,,
球员,年龄,场均上场时间(分钟),场均得分,场均篮板,场均助攻,场均抢断,场均盖帽
迈克尔-乔丹,27,44.0,31.2,6.6,11.4,2.8,1.4
斯科蒂-皮蓬,25,43.6,20.8,9.4,6.6,2.4,1.0
霍雷斯-格兰特,25,39.6,14.6,7.8,1.6,1.6,0.6
约翰-帕克森,30,31.8,13.4,2.0,3.4,1.0,0.0
比尔-卡特赖特,33,32.0,8.8,5.0,2.4,0.6,0.6
克雷格-霍奇思,30,10.6,3.8,0.6,0.2,0.0,0.0
克里夫-莱温斯顿,30,18.0,3.2,2.8,0.6,1.0,1.0
B.J. Armstrong,23,7.4,2.0,0.6,0.8,0.4,0.0
维尔-佩尔多,25,7.4,1.6,2.4,0.2,0.0,0.2
斯格特-威廉姆斯,22,11.3,2.0,2.3,0.8,0.0,0.3
斯塔塞-金,24,3.0,1.0,0.5,0.0,0.0,0.0
丹尼斯-霍普森,25,2.0,0.0,0.0,0.0,0.0,0.0
1991NBA总决赛湖人 (1-4)球员数据表,,,,,,,
球员,年龄,场均上场时间(分钟),场均得分,场均篮板,场均助攻,场均抢断,场均盖帽
魔术师约翰逊,31,45.6,18.6,8.0,12.4,1.2,0.0
弗拉德-迪瓦茨,22,41.6,18.2,8.8,2.0,1.8,2.4
萨姆-帕金斯,29,41.2,16.6,7.6,1.0,0.4,1.4
詹姆斯-沃西,29,41.0,19.3,3.0,2.0,1.0,0.0
A.C. Green,27,22.6,5.8,5.6,0.2,0.6,0.0
特里-蒂格,30,14.2,5.0,0.4,0.2,0.6,0.2
埃尔登-坎贝尔,22,11.0,7.7,1.3,0.0,1.0,0.7
拜伦-斯科特,29,35.0,4.5,1.8,1.8,0.8,0.0
托尼-史密斯,22,16.0,6.0,0.5,1.0,0.5,0.0
拉里-德鲁,32,5.0,1.8,0.5,0.0,0.0,0.0
迈克尔-汤普森,36,10.0,0.0,0.0,0.0,0.0,0.0
1990NBA总决赛活塞 (4-1)球员数据表,,,,,,,
球员,年龄,场均上场时间(分钟),场均得分,场均篮板,场均助攻,场均抢断,场均盖帽
伊赛亚-托马斯,28,38.4,27.6,5.2,7.0,1.6,0.4
乔-杜马斯,26,42.0,20.6,2.8,5.6,0.8,0.0
詹姆斯-爱德华兹,34,27.6,14.4,3.8,0.8,0.4,0.6
比尔-兰比尔,32,38.2,13.2,13.4,2.4,1.4,0.6
文尼-约翰逊,33,22.6,12.2,2.0,1.2,0.2,0.6
马克-阿吉雷,30,24.0,9.6,3.6,0.8,0.4,0.0
约翰-萨利,25,28.6,6.6,6.4,0.4,0.2,2.4
丹尼斯-罗德曼,28,19.8,2.3,5.5,0.8,0.5,0.5
大卫-格林伍德,32,11.0,1.0,3.0,0.0,0.3,0.0
杰拉德-亨德森,34,1.0,1.0,0.0,0.0,0.0,0.0
斯科特-黑斯廷斯,29,2.0,0.0,0.0,0.0,0.0,0.0
1990NBA总决赛开拓者 (1-4)球员数据表,,,,,,,
球员,年龄,场均上场时间(分钟),场均得分,场均篮板,场均助攻,场均抢断,场均盖帽
克莱德-德雷克斯勒,27,40.8,26.4,7.8,6.2,1.8,0.2
杰罗姆-克西,27,41.2,19.0,7.0,1.2,0.6,0.6
特里-波特,26,41.2,19.0,2.6,8.4,2.0,0.2
凯文-达克沃斯,25,29.8,15.6,5.6,0.0,0.2,0.4
巴克-威廉姆斯,29,38.4,11.2,9.0,1.8,0.6,0.2
克利弗德-罗宾逊,23,16.4,3.8,2.4,0.8,0.8,0.8
丹尼-杨,27,15.6,3.0,1.4,1.6,0.6,0.2
德拉任-彼得罗维奇,25,7.3,2.5,0.3,0.5,0.3,0.0
韦恩-库珀,33,14.0,1.8,4.0,0.2,0.4,0.8
马克-布莱恩特,24,4.5,0.5,1.0,0.0,0.0,0.0
